mutant_id,pc_score,lengths
1,0.0,0/11
49,0.06666666666666667,1/15
2,0.16666666666666666,1/6
3,0.0,0/2
4,0.5,1/2
7,1.0,1/1
9,1.0,1/1
11,1.0,1/1
12,0.5,1/2
13,1.0,1/1
15,1.0,1/1
16,0.5,1/2
17,1.0,1/1
18,0.5,1/2
19,0.5,1/2
21,0.5,1/2
22,0.5,1/2
23,0.5,1/2
24,0.5,1/2
5,0.0,0/1
6,0.0,0/1
8,0.0,0/1
14,0.0,0/1
