mutant_id,pc_score,lengths
3,0.0,0/7
65,0.0,0/3
8,0.0,0/2
1,1.0,1/1
48,0.0,0/4
61,0.013888888888888888,1/72
7,0.014705882352941176,1/68
2,1.0,1/1
39,0.0,0/4
41,0.0,0/4
6,0.0,0/67
80,0.5,1/2
63,0.0,0/2
40,0.0,0/4
12,0.013157894736842105,1/76
16,0.014925373134328358,1/67
58,0.0,0/2
71,0.0,0/2
56,1.0,1/1
73,0.0,0/2
43,0.0,0/4
52,0.0,0/4
5,0.0,0/67
9,0.015384615384615385,1/65
10,0.0,0/2
76,0.0,0/2
78,0.0,0/71
82,0.5,1/2
59,0.0,0/2
79,0.5,1/2
57,1.0,1/1
