mutant_id,pc_score,lengths
2,0.0,0/614
1,0.06666666666666667,1/15
4,0.06666666666666667,1/15
5,0.06666666666666667,1/15
6,0.0,0/3
8,0.06666666666666667,1/15
13,0.06666666666666667,1/15
3,0.0,0/2
12,0.0,0/2
14,0.0,0/2
7,0.0,0/5
10,0.09090909090909091,1/11
