mutant_id,pc_score,lengths
3,0.2,1/5
5,0.3333333333333333,1/3
6,0.3333333333333333,1/3
7,0.25,1/4
9,1.0,1/1
12,0.3333333333333333,1/3
17,0.3333333333333333,1/3
4,0.0,0/2
32,0.0,0/1
33,0.0,0/1
35,0.0,0/1
38,0.0,0/1
39,0.0,0/1
42,0.0,0/1
31,0.0,0/1
2,0.0,0/1
19,0.0,0/1
20,0.0,0/1
24,0.0,0/1
29,0.0,0/1
44,0.0,0/1
51,0.0,0/1
