mutant_id,pc_score,lengths
3,0.0017921146953405018,1/558
5,0.0020408163265306124,1/490
8,0.0020408163265306124,1/490
12,0.002352941176470588,1/425
13,0.0044444444444444444,1/225
14,0.002150537634408602,1/465
4,0.007462686567164179,1/134
6,0.0,0/52
17,0.0,0/36
9,0.0035971223021582736,1/278
10,0.004784688995215311,1/209
15,0.03225806451612903,1/31
7,0.010869565217391304,1/92
16,0.011235955056179775,1/89
1,0.007936507936507936,1/126
2,0.007936507936507936,1/126
11,1.0,1/1
