mutant_id,pc_score,lengths
23,0.14285714285714285,1/7
33,0.0,0/5
22,0.14285714285714285,1/7
27,0.0,0/5
5,0.07692307692307693,1/13
34,0.0,0/5
28,0.5,1/2
4,0.3333333333333333,1/3
31,0.0,0/5
30,0.5,1/2
32,0.0,0/5
10,0.0,0/5
24,0.0,0/4
19,0.0,0/5
25,0.14285714285714285,1/7
26,0.0,0/4
16,0.0,0/5
12,0.0,0/5
21,0.0,0/4
20,0.14285714285714285,1/7
1,0.037037037037037035,1/27
2,0.3333333333333333,1/3
35,0.0,0/5
