mutant_id,pc_score,lengths
3,0.3333333333333333,1/3
8,0.2857142857142857,2/7
17,1.0,2/2
19,1.0,2/2
21,1.0,2/2
20,1.0,2/2
7,0.3333333333333333,1/3
2,0.0,0/3
26,0.0,0/11
24,1.0,2/2
6,0.3333333333333333,1/3
23,1.0,2/2
12,1.0,1/1
28,0.0,0/1
10,1.0,1/1
30,0.0,0/1
18,1.0,2/2
15,1.0,2/2
4,0.3333333333333333,1/3
1,0.0,0/3
29,0.0,0/3
22,1.0,2/2
9,0.3333333333333333,1/3
16,1.0,2/2
14,1.0,2/2
25,1.0,2/2
