mutant_id,pc_score,lengths
3,0.2,3/15
7,1.0,2/2
10,1.0,2/2
14,1.0,2/2
16,1.0,2/2
17,0.2,3/15
25,1.0,3/3
26,0.2,3/15
27,0.2,3/15
28,0.2857142857142857,2/7
32,0.2857142857142857,2/7
33,0.2,3/15
41,0.2,3/15
43,0.2,3/15
45,1.0,3/3
46,1.0,3/3
47,0.21428571428571427,3/14
50,0.2,3/15
51,0.2,3/15
62,1.0,3/3
5,0.0,0/1
24,0.0,0/2
29,0.125,1/8
31,0.125,1/8
34,0.0,0/2
8,0.0,0/2
6,0.25,1/4
9,0.25,1/4
56,1.0,2/2
58,1.0,2/2
61,1.0,2/2
52,0.0,0/2
53,0.0,0/2
48,0.0,0/1
