mutant_id,pc_score,lengths
7,0.0,0/2
12,0.0,0/2
19,0.02127659574468085,1/47
21,0.02127659574468085,1/47
34,0.0,0/4
9,0.0,0/2
14,0.0,0/2
16,0.0,0/3
23,0.0,0/3
24,0.0,0/3
26,0.0,0/3
10,0.0,0/12
13,0.0,0/12
15,0.0,0/12
46,0.0,0/3
49,0.029411764705882353,1/34
52,0.0,0/9
20,0.0,0/24
22,0.0,0/24
42,0.0,0/26
25,0.0,0/1
27,0.0,0/1
33,0.0,0/1
8,0.3333333333333333,1/3
35,0.0,0/2
43,0.0,0/3
44,0.0,0/3
45,0.0,0/3
2,0.0,0/2
50,0.0,0/2
38,0.0,0/1
41,0.0,0/1
