mutant_id,pc_score,lengths
39,0.0,0/2
40,0.2,1/5
3,1.0,1/1
1,0.1,1/10
8,0.0,0/1
7,0.0,0/1
13,0.0,0/1
18,0.0,0/1
31,0.2,1/5
16,0.16666666666666666,1/6
2,1.0,1/1
11,0.0,0/1
23,0.0,0/1
19,0.16666666666666666,1/6
21,0.0,0/1
22,0.0,0/1
5,0.0,0/1
37,0.0,0/2
4,0.0,0/1
35,0.0,0/2
29,0.0,0/1
12,0.16666666666666666,1/6
33,0.0,0/1
24,0.0,0/1
9,0.16666666666666666,1/6
6,0.0,0/1
32,0.0,0/2
30,0.0,0/2
