mutant_id,pc_score,lengths
6,0.0,0/473
2,0.005025125628140704,2/398
15,0.0,0/331
16,0.0,0/292
17,0.0,0/293
18,0.0,0/292
19,0.0,0/292
20,0.0,0/293
21,0.0,0/292
22,0.0,0/293
23,0.0,0/291
24,0.0,0/293
25,0.0,0/292
26,0.0,0/291
27,0.0,0/291
28,0.0,0/291
29,0.0,0/291
7,0.3333333333333333,2/6
8,0.3333333333333333,2/6
9,0.4,2/5
10,1.0,2/2
11,1.0,2/2
1,0.0,0/336
4,0.0,0/11
5,0.0,0/326
12,0.0,0/4
14,0.0,0/331
3,0.0,0/12
13,0.0,0/3
