mutant_id,pc_score,lengths
38,0.3333333333333333,1/3
20,1.0,1/1
31,1.0,1/1
3,0.0,0/1
1,0.25,2/8
10,0.5,2/4
7,0.5,2/4
33,1.0,2/2
16,1.0,1/1
19,1.0,1/1
28,1.0,2/2
2,0.0,0/1
11,0.0,0/1
14,0.5,2/4
21,1.0,1/1
17,0.5,2/4
5,0.0,0/1
37,1.0,2/2
22,1.0,1/1
4,0.0,0/1
35,1.0,2/2
27,1.0,1/1
29,0.3333333333333333,1/3
9,1.0,1/1
6,0.0,0/1
30,1.0,2/2
