mutant_id,pc_score,lengths
14,0.125,1/8
3,0.0,0/2
5,1.0,1/1
8,0.14285714285714285,1/7
7,0.125,1/8
4,0.125,1/8
13,0.0,0/2
1,0.125,1/8
12,0.0,0/2
11,0.14285714285714285,1/7
9,0.0,0/2
6,0.125,1/8
10,0.0,0/2
2,0.0,0/2
