mutant_id,pc_score,lengths
25,0.0,0/13
20,0.0,0/4
23,0.0,0/1
8,0.0,0/1
7,0.0,0/1
13,0.0,0/1
18,0.0,0/16
19,0.0,0/1
16,0.0,0/18
28,0.0,0/4
22,0.0,0/1
2,0.047619047619047616,1/21
15,0.14285714285714285,1/7
11,0.0,0/1
14,0.0,0/19
21,0.0,0/15
26,0.0,0/8
5,0.0,0/18
17,0.0,0/1
4,1.0,1/1
27,0.0,0/1
12,0.0,0/1
24,0.0,0/9
29,0.0,0/19
10,0.0,0/1
30,0.0,0/1
