mutant_id,pc_score,lengths
2,0.0045871559633027525,1/218
36,0.00390625,1/256
38,0.003663003663003663,1/273
34,0.0,0/54
4,0.0,0/9
46,0.0,0/22
37,0.0,0/2
48,0.16666666666666666,1/6
47,0.0,0/3
1,0.0,0/5
11,0.0,0/2
39,0.0,0/11
49,0.0,0/2
20,0.0,0/1
27,0.0,0/2
12,0.3333333333333333,1/3
13,1.0,1/1
14,1.0,1/1
45,0.0,0/2
6,0.0,0/1
8,0.0,0/1
10,0.0,0/1
