mutant_id,pc_score,lengths
12,0.015151515151515152,1/66
14,0.015151515151515152,1/66
16,0.00411522633744856,1/243
21,0.0,0/224
22,0.0,0/151
23,0.0,0/209
24,0.0,0/39
31,0.0,0/151
32,0.0,0/31
33,0.0,0/19
34,0.0,0/135
25,0.022727272727272728,1/44
10,0.0,0/36
11,0.0,0/136
15,0.0,0/18
18,0.0,0/42
20,0.0,0/18
35,0.0,0/61
2,0.0,0/25
4,0.0,0/31
6,0.0,0/29
7,0.0,0/22
27,0.0,0/77
29,0.0,0/51
1,0.0,0/6
3,0.0,0/6
13,0.0,0/24
28,0.0,0/27
30,0.0,0/27
26,1.0,1/1
17,0.0,0/1
19,0.0,0/1
