mutant_id,pc_score,lengths
5,0.0,0/10
6,0.0,0/10
8,0.09090909090909091,1/11
10,0.0,0/3
20,0.09090909090909091,1/11
13,0.14285714285714285,1/7
9,0.0,0/1
11,0.0,0/1
16,0.0,0/1
17,0.0,0/1
18,0.0,0/1
19,0.0,0/1
7,1.0,1/1
