mutant_id,pc_score,lengths
2,0.01020408163265306,1/98
8,0.006993006993006993,1/143
16,0.007042253521126761,1/142
15,0.25,1/4
18,0.25,1/4
19,0.5,1/2
22,0.25,1/4
23,0.5,1/2
27,0.25,1/4
28,0.5,1/2
29,0.25,1/4
31,0.25,1/4
32,0.5,1/2
33,0.25,1/4
34,0.5,1/2
35,0.5,1/2
36,0.25,1/4
3,0.0,0/1
7,0.0,0/1
13,0.0,0/1
14,0.0,0/3
1,0.5,1/2
21,1.0,1/1
24,1.0,1/1
25,1.0,1/1
26,1.0,1/1
