mutant_id,pc_score,lengths
21,0.6666666666666666,2/3
24,0.6666666666666666,2/3
32,0.6666666666666666,2/3
4,0.6666666666666666,2/3
29,0.6666666666666666,2/3
31,0.6666666666666666,2/3
3,1.0,2/2
20,0.0,0/6
22,0.0,0/6
25,0.0,0/6
26,0.0,0/6
27,0.0,0/6
33,0.0,0/6
38,0.0,0/2
6,0.0,0/4
7,0.0,0/4
8,0.0,0/1
9,0.0,0/1
10,0.0,0/1
11,0.0,0/1
12,0.0,0/1
13,0.0,0/1
14,0.0,0/4
15,0.0,0/1
17,0.0,0/4
18,0.0,0/1
19,0.0,0/1
