mutant_id,pc_score,lengths
27,1.0,1/1
8,0.0,0/1
7,0.05263157894736842,1/19
19,1.0,1/1
21,1.0,1/1
15,0.0,0/2
1,0.0,0/1
2,0.16666666666666666,1/6
6,0.047619047619047616,1/21
11,0.058823529411764705,1/17
24,1.0,1/1
22,1.0,1/1
12,0.0625,1/16
13,0.0,0/1
5,0.0,0/2
23,1.0,1/1
14,0.0,0/14
26,1.0,1/1
25,1.0,1/1
17,0.0,0/1
20,1.0,1/1
