mutant_id,pc_score,lengths
3,0.25,1/4
6,0.7692307692307693,10/13
7,0.7692307692307693,10/13
4,0.6923076923076923,9/13
