mutant_id,pc_score,lengths
2,0.02631578947368421,1/38
3,0.01282051282051282,1/78
4,0.02631578947368421,1/38
5,0.02631578947368421,1/38
7,0.0,0/68
11,0.0,0/40
16,0.0,0/40
6,0.018867924528301886,1/53
8,0.018867924528301886,1/53
9,0.015384615384615385,1/65
10,0.0,0/1
12,0.0,0/1
13,0.0,0/1
14,0.0,0/1
15,0.0,0/1
17,0.0,0/1
18,0.0,0/1
19,0.0,0/1
20,0.0,0/1
21,0.0,0/1
22,0.0,0/1
23,0.0,0/1
24,0.0,0/1
25,0.0,0/1
1,1.0,2/2
