mutant_id,pc_score,lengths
5,0.3333333333333333,1/3
6,0.3333333333333333,1/3
7,0.3333333333333333,1/3
8,0.3333333333333333,1/3
15,0.25,1/4
16,0.0,0/1
17,0.25,1/4
18,0.25,1/4
20,0.25,1/4
21,0.25,1/4
22,0.25,1/4
23,0.0,0/1
24,0.25,1/4
25,0.25,1/4
26,0.25,1/4
27,0.0,0/1
28,0.25,1/4
29,0.25,1/4
30,0.25,1/4
32,0.25,1/4
33,0.25,1/4
35,0.0,0/1
36,0.0,0/1
1,0.0,0/1
2,0.0,0/1
3,0.0,0/1
4,0.0,0/1
