mutant_id,pc_score,lengths
5,0.0,0/14
7,0.0,0/17
8,0.0,0/14
12,0.0,0/16
14,0.0,0/16
15,0.0,0/16
16,0.05,1/20
17,0.05263157894736842,1/19
18,0.05263157894736842,1/19
19,0.0,0/14
20,0.0,0/14
22,0.05263157894736842,1/19
25,0.09090909090909091,1/11
26,0.09090909090909091,1/11
24,0.0,0/8
2,0.3333333333333333,1/3
10,0.3333333333333333,1/3
1,0.5,1/2
6,0.5,1/2
9,0.5,1/2
