mutant_id,pc_score,lengths
3,0.021505376344086023,2/93
34,0.0,0/2
8,0.0,0/55
17,0.0,0/5
19,0.0,0/2
21,0.06666666666666667,2/30
7,0.0,0/55
2,0.011235955056179775,2/178
26,0.0,0/4
24,0.0,0/6
6,0.0,0/55
23,1.0,1/1
16,0.0,0/1
12,0.0,0/31
28,0.0,0/5
10,0.034482758620689655,2/58
30,0.0,0/68
32,0.0,0/3
18,0.0,0/26
15,0.0,0/1
4,0.0,0/30
25,1.0,1/1
1,0.0111731843575419,2/179
27,0.0,0/1
29,0.0,0/2
22,0.0,0/28
9,0.0,0/41
11,0.0,0/1
13,0.0,0/1
14,0.0,0/36
31,0.0,0/2
