mutant_id,pc_score,lengths
6,0.010638297872340425,1/94
11,0.16666666666666666,1/6
14,0.05555555555555555,1/18
16,0.05555555555555555,1/18
19,0.16666666666666666,1/6
21,0.3333333333333333,1/3
33,0.022727272727272728,1/44
35,0.022727272727272728,1/44
36,0.022727272727272728,1/44
37,0.022727272727272728,1/44
41,0.0,0/76
22,1.0,1/1
44,0.25,1/4
46,0.1111111111111111,1/9
27,0.0,0/1
43,0.0,0/3
45,0.0,0/3
23,0.0,0/3
2,0.0,0/1
4,0.0,0/1
25,0.0,0/1
