mutant_id,pc_score,lengths
1,0.14285714285714285,3/21
2,0.14285714285714285,3/21
4,0.1875,3/16
5,0.1875,3/16
7,0.1875,3/16
9,0.375,3/8
10,0.0,0/5
11,0.0,0/1
12,0.0,0/1
13,0.0,0/1
14,0.0,0/1
15,0.0,0/1
16,0.0,0/1
17,0.0,0/1
18,0.0,0/1
19,0.0,0/1
20,0.0,0/1
21,0.0,0/1
22,0.0,0/1
8,0.0,0/2
3,0.0,0/1
