mutant_id,pc_score,lengths
9,0.0,0/4
7,0.0,0/3
8,0.0,0/3
1,0.1111111111111111,1/9
2,0.1,1/10
3,0.0,0/7
4,0.1,1/10
5,0.0,0/7
6,0.1,1/10
14,0.1,1/10
16,0.2,1/5
19,0.0,0/7
22,0.0,0/7
24,0.0,0/7
25,0.0,0/4
29,0.14285714285714285,1/7
31,0.0,0/7
32,0.0,0/7
33,0.0,0/7
34,0.0,0/4
35,0.14285714285714285,1/7
38,0.0,0/3
39,0.0,0/4
40,0.0,0/3
41,0.2,1/5
26,0.0,0/5
27,0.0,0/5
28,0.2,1/5
18,0.0,0/1
20,0.0,0/1
42,0.0,0/1
43,0.0,0/1
44,0.0,0/1
46,0.0,0/1
