mutant_id,pc_score,lengths
3,0.0,0/4
6,0.06451612903225806,2/31
7,0.06451612903225806,2/31
9,0.0,0/4
13,0.0,0/4
16,0.0,0/10
17,0.0,0/4
20,0.0,0/4
21,0.0,0/1
23,0.06060606060606061,2/33
4,0.0,0/1
5,0.0,0/5
14,0.6666666666666666,2/3
19,0.4,2/5
22,0.25,1/4
25,1.0,2/2
12,0.0,0/2
18,0.0,0/2
1,0.0,0/3
