mutant_id,pc_score,lengths
8,0.1,1/10
11,0.0,0/2
12,0.1,1/10
13,0.0,0/2
14,0.1,1/10
15,0.1,1/10
16,0.0,0/2
17,0.1,1/10
18,0.0,0/2
19,0.1111111111111111,1/9
20,0.1111111111111111,1/9
1,0.0,0/30
9,0.16666666666666666,1/6
10,0.16666666666666666,1/6
4,0.0,0/2
5,0.0,0/2
3,0.0,0/1
