mutant_id,pc_score,lengths
30,0.05,1/20
3,0.0,0/13
8,1.0,1/1
32,0.045454545454545456,1/22
26,0.02631578947368421,1/38
15,1.0,1/1
29,0.05,1/20
25,0.05,1/20
12,0.0,0/16
11,0.0,0/16
20,1.0,1/1
4,1.0,1/1
35,0.045454545454545456,1/22
13,1.0,1/1
37,0.3333333333333333,1/3
28,0.02631578947368421,1/38
31,0.045454545454545456,1/22
17,1.0,1/1
36,0.045454545454545456,1/22
