mutant_id,pc_score,lengths
1,0.04,1/25
3,0.047619047619047616,1/21
5,0.04,1/25
6,0.04,1/25
12,0.045454545454545456,1/22
14,0.045454545454545456,1/22
16,0.041666666666666664,1/24
17,0.06666666666666667,1/15
2,0.07142857142857142,1/14
4,0.07142857142857142,1/14
7,0.07142857142857142,1/14
8,0.07142857142857142,1/14
11,0.0,0/4
15,0.0,0/4
10,0.0,0/7
9,0.0,0/1
