mutant_id,pc_score,lengths
11,0.037037037037037035,1/27
13,0.037037037037037035,1/27
14,0.07142857142857142,1/14
15,0.037037037037037035,1/27
16,0.14285714285714285,1/7
2,1.0,1/1
5,1.0,1/1
7,1.0,1/1
8,1.0,1/1
17,1.0,1/1
12,0.0,0/1
