mutant_id,pc_score,lengths
1,0.2,4/20
2,0.15384615384615385,2/13
6,0.19047619047619047,4/21
8,0.19047619047619047,4/21
10,0.2608695652173913,6/23
5,1.0,4/4
9,1.0,4/4
11,0.0,0/14
4,0.14285714285714285,1/7
3,0.0,0/1
