mutant_id,pc_score,lengths
3,0.0,0/20
1,0.043478260869565216,1/23
8,0.0,0/20
12,0.0,0/20
15,0.0,0/6
4,0.043478260869565216,1/23
7,0.0,0/20
2,0.043478260869565216,1/23
11,0.043478260869565216,1/23
6,0.043478260869565216,1/23
9,0.043478260869565216,1/23
13,0.0,0/6
14,0.043478260869565216,1/23
16,0.043478260869565216,1/23
17,0.0,0/6
10,0.0,0/7
