mutant_id,pc_score,lengths
49,0.0,0/700
71,0.0013812154696132596,1/724
37,0.0,0/17
39,0.0,0/17
75,0.0,0/39
76,0.0,0/29
6,0.0,0/4
8,0.0,0/4
10,0.0,0/4
74,0.0,0/16
80,0.0,0/16
18,0.16666666666666666,1/6
14,0.0,0/2
29,0.0,0/4
31,0.0,0/4
33,0.0,0/4
1,0.0,0/5
13,1.0,1/1
78,0.0,0/2
77,0.0,0/4
79,0.0,0/4
30,0.0,0/1
27,0.0,0/1
4,0.0,0/1
