mutant_id,pc_score,lengths
4,0.029411764705882353,1/34
5,0.029411764705882353,1/34
6,0.02564102564102564,1/39
9,0.021739130434782608,1/46
10,0.0,0/39
12,0.0,0/39
16,0.016666666666666666,1/60
11,0.1,1/10
3,0.0,0/5
7,0.0,0/1
15,0.0,0/20
14,0.0,0/8
