mutant_id,pc_score,lengths
6,0.05263157894736842,1/19
7,0.0625,1/16
12,0.05,1/20
46,0.0,0/1
31,0.0,0/1
34,0.0,0/6
21,0.0,0/1
22,0.0,0/1
23,0.0,0/1
24,0.0,0/1
27,0.0,0/1
8,0.0,0/5
13,0.0,0/6
50,0.0,0/1
11,0.14285714285714285,1/7
25,0.5,1/2
29,0.5,1/2
47,0.0,0/1
48,0.0,0/1
52,0.0,0/1
2,0.0,0/1
9,0.0,0/1
32,0.0,0/5
36,0.0,0/5
37,0.0,0/2
41,0.0,0/1
42,0.0,0/1
5,0.0,0/2
