mutant_id,pc_score,lengths
1,0.047619047619047616,1/21
2,0.09090909090909091,1/11
3,0.047619047619047616,1/21
5,0.09090909090909091,1/11
7,0.09090909090909091,1/11
8,0.0,0/9
6,1.0,1/1
