project,project_id,statement_buggy,statement_fixed,statement_coverage_increase,checked_buggy,checked_fixed,checked_coverage_increase,mutation_buggy,mutation_fixed,mutation_coverage_increase
Collections,25,55.092592592592595,56.018518518518526,1.680672268907572,44.44444444444444,45.370370370370374,2.0833333333333446,0,0,0
Collections,26,97.2972972972973,97.2972972972973,0.0,67.56756756756756,67.56756756756756,0.0,0,0,0
Collections,27,32.95454545454545,32.95454545454545,0.0,78.4090909090909,80.68181818181817,2.8985507246376727,0,0,0
Collections,28,1.1547344110854503,1.1547344110854503,0.0,40.415704387990765,40.415704387990765,0.0,0,0,0