project,project_id,statement_buggy,statement_fixed,statement_coverage_increase,checked_buggy,checked_fixed,checked_coverage_increase,mutation_buggy,mutation_fixed,mutation_coverage_increase
JacksonXml,1,62.76595744680851,63.829787234042556,1.6949152542372983,0.0,0.0,0,56.6502463054187,57.8947368421053,2.196796338672878
JacksonXml,2,76.50273224043715,76.50273224043715,0.0,25.683060109289617,25.683060109289617,0.0,54.4303797468354,59.4936708860759,9.30232558139534
JacksonXml,3,64.28571428571429,65.0,1.1111111111111016,45.714285714285715,46.42857142857143,1.562500000000002,59.2233009708738,60.3864734299517,1.9640452997544842
JacksonXml,4,50.413223140495866,57.02479338842975,13.114754098360654,0.0,0.0,0,55.1020408163265,58.4905660377358,6.149545772187256
JacksonXml,5,77.89473684210526,77.89473684210526,0.0,0.0,0.0,0,57.4074074074074,57.4074074074074,0.0
JacksonXml,6,48.08080808080808,52.72727272727272,9.663865546218465,0.0,0.0,0,69.6850393700787,70.0325732899023,0.49872099228924033
